"";"PLAYER_ID";"RANK";"PLAYER";"TEAM";"GP";"MIN";"FGM";"FGA";"FG_PCT";"FG3M";"FG3A";"FG3_PCT";"FTM";"FTA";"FT_PCT";"OREB";"DREB";"REB";"AST";"STL";"BLK";"TOV";"PTS";"EFF"
"1";"201939";"1";"Stephen Curry";"GSW";79;34,2;10,2;20,2;0,504;5,1;11,2;0,454;4,6;5,1;0,908;0,9;4,6;5,4;6,7;2,14;0,19;3,32;30,1;30,7
"2";"201935";"2";"James Harden";"HOU";82;38,1;8,7;19,7;0,439;2,9;8;0,359;8,8;10,2;0,86;0,8;5,3;6,1;7,5;1,7;0,62;4,56;29;27,8
"3";"201142";"3";"Kevin Durant";"OKC";72;35,8;9,7;19,2;0,505;2,6;6,7;0,387;6,2;6,9;0,898;0,6;7,6;8,2;5;0,96;1,18;3,47;28,2;29,8
"4";"202326";"4";"DeMarcus Cousins";"SAC";65;34,6;9,2;20,5;0,451;1,1;3,2;0,333;7,3;10,2;0,718;2,4;9,1;11,5;3,3;1,55;1,42;3,83;26,9;26,7
"5";"2544";"5";"LeBron James";"CLE";76;35,6;9,7;18,6;0,52;1,1;3,7;0,309;4,7;6,5;0,731;1,5;6;7,4;6,8;1,37;0,64;3,28;25,3;27,5
"6";"203081";"6";"Damian Lillard";"POR";75;35,7;8,2;19,7;0,419;3,1;8,1;0,375;5,5;6,2;0,892;0,6;3,4;4;6,8;0,87;0,37;3,23;25,1;21,8
"7";"203076";"7";"Anthony Davis";"NOP";61;35,5;9,2;18,6;0,493;0,6;1,8;0,324;5,3;7;0,758;2,1;8,1;10,3;1,9;1,28;2,05;1,98;24,3;26,7
"8";"201566";"8";"Russell Westbrook";"OKC";80;34,4;8,2;18,1;0,454;1,3;4,3;0,296;5,8;7,2;0,812;1,8;6;7,8;10,4;2,04;0,25;4,28;23,5;28,5
"9";"201942";"9";"DeMar DeRozan";"TOR";78;35,9;7,9;17,7;0,446;0,6;1,8;0,338;7,1;8,4;0,85;0,8;3,7;4,5;4;1,04;0,27;2,24;23,5;20
"10";"202331";"10";"Paul George";"IND";81;34,8;7,5;17,9;0,418;2,6;7;0,371;5,6;6,5;0,86;1;6;7;4,1;1,88;0,36;3,27;23,1;21,8
"11";"202738";"11";"Isaiah Thomas";"BOS";82;32,2;7,2;16,9;0,428;2;5,7;0,359;5,8;6,6;0,871;0,6;2,4;3;6,2;1,11;0,11;2,68;22,2;19,4
"12";"202691";"12";"Klay Thompson";"GSW";80;33,3;8,1;17,3;0,47;3,5;8,1;0,425;2,4;2,8;0,873;0,4;3,4;3,8;2,1;0,75;0,61;1,73;22,1;18,1
"13";"2546";"13";"Carmelo Anthony";"NYK";72;35,1;7,9;18,2;0,434;1,5;4,3;0,339;4,6;5,6;0,829;1,4;6,4;7,7;4,2;0,86;0,53;2,44;21,8;21,4
"14";"200768";"14";"Kyle Lowry";"TOR";77;37;6,6;15,6;0,427;2,8;7,1;0,388;5,2;6,4;0,811;0,7;4;4,7;6,4;2,05;0,44;2,92;21,2;21,8
"15";"202695";"15";"Kawhi Leonard";"SAS";72;33,1;7,7;15,1;0,506;1,8;4;0,443;4,1;4,6;0,874;1,3;5,5;6,8;2,6;1,78;0,99;1,46;21,2;23,8
"16";"202710";"16";"Jimmy Butler";"CHI";67;36,9;7;15,4;0,454;1;3,1;0,312;5,9;7,1;0,832;1,2;4,2;5,3;4,8;1,64;0,64;1,97;20,9;21,7
"17";"202689";"17";"Kemba Walker";"CHA";81;35,6;7;16,4;0,427;2,2;6;0,371;4,6;5,4;0,847;0,7;3,7;4,4;5,2;1,56;0,48;2,11;20,9;20,1
"18";"203468";"18";"CJ McCollum";"POR";80;34,8;8;17,9;0,448;2,5;5,9;0,417;2,3;2,8;0,827;0,6;2,7;3,2;4,3;1,21;0,29;2,45;20,8;17
"19";"203952";"19";"Andrew Wiggins";"MIN";81;35,1;7,3;16;0,459;0,7;2,3;0,3;5,3;7;0,761;1,3;2,3;3,6;2;0,96;0,57;2,25;20,7;15,3
"20";"201572";"20";"Brook Lopez";"BKN";73;33,7;8,1;15,8;0,511;0;0,2;0,143;4,3;5,5;0,787;2,8;5,1;7,8;2;0,79;1,7;2,4;20,6;21,6
"21";"202322";"21";"John Wall";"WAS";77;36,2;7,4;17,5;0,424;1,5;4,3;0,351;3,5;4,5;0,791;0,5;4,4;4,9;10,2;1,88;0,77;4,13;19,9;22,5
"22";"202330";"22";"Gordon Hayward";"UTA";80;36,2;6,5;15;0,433;1,8;5,1;0,349;4,9;6;0,824;0,8;4,2;5;3,7;1,19;0,34;2,53;19,7;17,8
"23";"101108";"23";"Chris Paul";"LAC";74;32,7;7;15,1;0,462;1,6;4,4;0,371;4;4,4;0,896;0,5;3,7;4,2;10;2,05;0,18;2,62;19,5;24,8
"24";"2548";"24";"Dwyane Wade";"MIA";74;30,5;7,3;16;0,456;0,1;0,6;0,159;4,4;5,5;0,793;1,1;3;4,1;4,6;1,07;0,57;2,74;19;16,8
"25";"202704";"25";"Reggie Jackson";"DET";79;30,7;6,8;15,7;0,434;1,5;4,2;0,353;3,7;4,3;0,864;0,7;2,5;3,2;6,2;0,75;0,14;2,82;18,8;16,8
"26";"1626157";"26";"Karl-Anthony Towns";"MIN";82;32;7,6;14,1;0,542;0,4;1,1;0,341;2,7;3,4;0,811;2,8;7,7;10,5;2;0,71;1,68;2,23;18,3;23,8
"27";"1717";"27";"Dirk Nowitzki";"DAL";75;31,5;6,6;14,8;0,448;1,7;4,6;0,368;3,3;3,7;0,893;0,7;5,8;6,5;1,8;0,69;0,69;1,12;18,3;18,3
"28";"202696";"28";"Nikola Vucevic";"ORL";65;31,3;8,2;16,1;0,51;0;0,1;0,222;1,7;2,3;0,753;2,7;6,2;8,9;2,8;0,82;1,08;1,89;18,2;21,3
"29";"203114";"29";"Khris Middleton";"MIL";79;36,1;6,4;14,5;0,444;1,8;4,6;0,396;3,5;3,9;0,888;0,6;3,3;3,8;4,2;1,66;0,24;2,28;18,2;17,3
"30";"200746";"30";"LaMarcus Aldridge";"SAS";74;30,6;7,2;14,1;0,513;0;0,2;0;3,5;4,1;0,858;2,4;6,2;8,5;1,5;0,51;1,09;1,34;18;20,8
"31";"977";"31";"Kobe Bryant";"LAL";66;28,2;6;16,9;0,358;2;7,1;0,285;3,5;4,3;0,826;0,6;3,1;3,7;2,8;0,94;0,2;1,95;17,6;11,7
"32";"200752";"32";"Rudy Gay";"SAC";70;34;6,7;14,4;0,463;1,1;3,1;0,344;2,8;3,6;0,78;1,5;5;6,5;1,7;1,43;0,73;1,99;17,2;17,1
"33";"200794";"33";"Paul Millsap";"ATL";81;32,7;6,2;13,2;0,47;0,9;2,9;0,319;3,8;5;0,757;2,4;6,6;9;3,3;1,81;1,72;2,36;17,1;22,4
"34";"201583";"34";"Ryan Anderson";"NOP";66;30,4;6;14,1;0,427;2;5,4;0,366;3;3,5;0,873;2;4;6;1,1;0,58;0,38;1,36;17;15,2
"35";"203507";"35";"Giannis Antetokounmpo";"MIL";80;35,3;6,4;12,7;0,506;0,4;1,4;0,257;3,7;5,1;0,724;1,4;6,2;7,7;4,3;1,18;1,41;2,6;16,9;21,2
"36";"201950";"36";"Jrue Holiday";"NOP";65;28,2;6,3;14,4;0,439;1,3;4;0,336;2,8;3,3;0,843;0,4;2,6;3;6;1,35;0,34;2,57;16,8;16,3
"37";"2200";"37";"Pau Gasol";"CHI";72;31,8;6,5;13,8;0,469;0,3;1;0,348;3,2;4;0,792;2,2;8,9;11;4,1;0,58;2,03;2,28;16,5;23,8
"38";"202324";"38";"Derrick Favors";"UTA";62;32;6,7;13,1;0,515;0;0,1;0;2,9;4,1;0,709;2,7;5,4;8,1;1,5;1,19;1,47;1,68;16,4;19,5
"39";"201565";"39";"Derrick Rose";"CHI";66;31,8;6,8;15,9;0,427;0,7;2,3;0,293;2,2;2,7;0,793;0,7;2,7;3,4;4,7;0,67;0,21;2,65;16,4;13
"40";"200755";"40";"JJ Redick";"LAC";75;28;5,6;11,7;0,48;2,7;5,6;0,475;2,4;2,7;0,888;0,1;1,7;1,9;1,4;0,56;0,07;1,04;16,3;12,8
"41";"203083";"41";"Andre Drummond";"DET";81;32,9;6,8;13,1;0,521;0;0,1;0,333;2,6;7,2;0,355;4,9;9,9;14,8;0,8;1,47;1,38;1,91;16,2;21,8
"42";"201567";"42";"Kevin Love";"CLE";77;31,5;5,3;12,7;0,419;2,1;5,7;0,36;3,4;4,1;0,822;1,9;8;9,9;2,4;0,75;0,53;1,84;16;19,7
"43";"203506";"43";"Victor Oladipo";"ORL";72;33;5,9;13,5;0,438;1,4;3,9;0,348;2,8;3,4;0,83;0,7;4,1;4,8;3,9;1,61;0,75;2,13;16;16,8
"44";"201952";"44";"Jeff Teague";"ATL";79;28,5;5,5;12,5;0,439;1,4;3,5;0,401;3,3;3,9;0,837;0,4;2,3;2,7;5,9;1,23;0,3;2,76;15,7;15,5
"45";"203903";"45";"Jordan Clarkson";"LAL";79;32,3;6;13,9;0,433;1,4;4,1;0,347;2,1;2,6;0,804;1,2;2,8;4;2,4;1,11;0,09;1,71;15,5;13
"46";"203095";"46";"Evan Fournier";"ORL";79;32,5;5,4;11,8;0,462;2;4,9;0,4;2,5;3;0,836;0,4;2,4;2,8;2,7;1,22;0,03;1,68;15,4;13,6
"47";"101150";"47";"Lou Williams";"LAL";67;28,5;4,2;10,3;0,408;1,6;4,8;0,344;5,3;6,3;0,83;0,5;2,1;2,5;2,5;0,93;0,28;1,6;15,3;12,8
"48";"202328";"48";"Greg Monroe";"MIL";79;29,3;6,2;11,9;0,522;0;0;0;2,9;3,9;0,74;2,8;6,1;8,8;2,3;0,91;0,85;1,63;15,3;19,8
"49";"2216";"49";"Zach Randolph";"MEM";68;29,6;6,3;13,3;0,475;0,1;0,4;0,231;2,5;3,2;0,796;2,6;5,1;7,8;2,1;0,63;0,19;1,54;15,3;16,8
"50";"201143";"50";"Al Horford";"ATL";82;32,1;6,5;12,8;0,505;1,1;3,1;0,344;1,3;1,6;0,798;1,8;5,5;7,3;3,2;0,83;1,48;1,3;15,2;20,1
"51";"202340";"51";"Avery Bradley";"BOS";76;33,4;6;13,4;0,447;1,9;5,4;0,361;1,3;1,6;0,78;0,6;2,3;2,9;2,1;1,54;0,25;1,43;15,2;12,8
"52";"201152";"52";"Thaddeus Young";"BKN";73;33;6,8;13,2;0,514;0,1;0,4;0,233;1,4;2,2;0,644;2,4;6,6;9;1,9;1,53;0,51;1,86;15,1;19
"53";"201587";"53";"Nicolas Batum";"CHA";70;35;5,3;12,5;0,426;2;5,7;0,348;2,3;2,7;0,849;0,8;5,3;6,1;5,8;0,93;0,61;2,93;14,9;17,9
"54";"202699";"54";"Tobias Harris";"DET";76;33,1;5,5;11,7;0,469;1,1;3,1;0,335;2,7;3,2;0,831;1,3;5,4;6,7;2,2;0,86;0,53;1,42;14,7;16,8
"55";"203918";"55";"Rodney Hood";"UTA";79;32,2;5,2;12,3;0,42;2;5,7;0,359;2,2;2,5;0,86;0,5;2,9;3,4;2,7;0,92;0,2;1,58;14,5;12,7
"56";"203484";"56";"Kentavious Caldwell-Pope";"DET";76;36,7;5,3;12,6;0,42;1,5;4,9;0,309;2,4;3;0,811;0,9;2,8;3,7;1,8;1,45;0,22;1,38;14,5;12,5
"57";"203115";"57";"Will Barton";"DEN";82;28,7;5,2;12;0,432;1,4;4;0,345;2,6;3,3;0,806;0,7;5,1;5,8;2,5;0,87;0,48;1,7;14,4;14,9
"58";"204001";"58";"Kristaps Porzingis";"NYK";72;28,4;5,2;12,3;0,421;1,1;3,4;0,333;2,8;3,3;0,838;1,8;5,5;7,3;1,3;0,74;1,86;1,68;14,3;16,1
"59";"202355";"59";"Hassan Whiteside";"MIA";73;29,1;5,7;9,3;0,606;0;0;0;2,9;4,5;0,65;3,3;8,6;11,8;0,4;0,6;3,68;1,88;14,2;23,6
"60";"203109";"60";"Jae Crowder";"BOS";73;31,6;4,9;11,1;0,443;1,7;5;0,336;2,7;3,3;0,82;1;4,2;5,1;1,8;1,73;0,48;1,14;14,2;15,5
"61";"2037";"61";"Jamal Crawford";"LAC";79;26,9;4,8;11,9;0,404;1,5;4,4;0,34;3,1;3,4;0,904;0,3;1,6;1,8;2,3;0,66;0,15;1,43;14,2;10,3
"62";"201609";"62";"Goran Dragic";"MIA";72;32,8;5,8;12,2;0,477;0,9;2,8;0,312;1,7;2,3;0,727;0,8;3,1;3,8;5,8;0,99;0,24;2,57;14,1;15,5
"63";"202694";"63";"Marcus Morris";"DET";80;35,7;5,1;11,8;0,434;1,4;3,7;0,362;2,5;3,4;0,749;1,1;3,9;5,1;2,5;0,84;0,29;1,75;14,1;13,5
"64";"101114";"64";"Deron Williams";"DAL";65;32,4;4,9;11,9;0,414;1,5;4,3;0,344;2,8;3,2;0,869;0,3;2,6;2,9;5,8;0,94;0,22;2,31;14,1;14,3
"65";"203953";"65";"Jabari Parker";"MIL";76;31,7;5,8;11,8;0,493;0,1;0,5;0,257;2,3;3;0,768;1,6;3,6;5,2;1,7;0,91;0,38;1,53;14,1;14,1
"66";"203897";"66";"Zach LaVine";"MIN";82;28;5,3;11,7;0,452;1,5;3,9;0,389;2;2,5;0,793;0,3;2,5;2,8;3,1;0,84;0,21;1,89;14;12,1
"67";"201954";"67";"Darren Collison";"SAC";74;30;5,1;10,5;0,486;1,2;2,9;0,401;2,6;3,1;0,858;0,4;1,9;2,3;4,3;1,04;0,05;1,76;14;14,1
"68";"203110";"68";"Draymond Green";"GSW";81;34,7;5;10,1;0,49;1,2;3,2;0,388;2,8;4,1;0,696;1,7;7,8;9,5;7,4;1,47;1,4;3,2;14;24,1
"69";"101145";"69";"Monta Ellis";"IND";81;33,8;5,4;12,6;0,427;1,1;3,5;0,309;2;2,5;0,786;0,5;2,8;3,3;4,7;1,85;0,46;2,51;13,8;14
"70";"1626164";"70";"Devin Booker";"PHX";76;27,7;4,8;11,4;0,423;1,3;3,8;0,343;2,8;3,4;0,84;0,4;2,1;2,5;2,6;0,58;0,26;2,11;13,8;10,5
"71";"2730";"71";"Dwight Howard";"HOU";71;32,1;5,2;8,5;0,62;0;0,1;0;3,3;6,7;0,489;3,4;8,4;11,8;1,4;0,97;1,59;2,34;13,7;20,5
"72";"202718";"72";"Chandler Parsons";"DAL";61;29,5;5,2;10,7;0,492;1,7;4,1;0,414;1,5;2,2;0,684;0,5;4,2;4,7;2,8;0,75;0,34;1,56;13,7;14,6
"73";"101162";"73";"Marcin Gortat";"WAS";75;30,1;5,8;10,2;0,567;0;0;0;1,9;2,8;0,705;3;6,9;9,9;1,4;0,63;1,28;1,61;13,5;19,9
"74";"1626156";"74";"D'Angelo Russell";"LAL";80;28,2;4,9;12;0,41;1,6;4,6;0,351;1,8;2,4;0,737;0,6;2,8;3,4;3,3;1,16;0,16;2,45;13,2;11,1
"75";"1626144";"75";"Emmanuel Mudiay";"DEN";68;30,4;4,8;13,3;0,364;1,1;3,4;0,319;2,1;3,1;0,67;0,5;2,9;3,4;5,5;0,96;0,51;3,19;12,8;10,5
"76";"203496";"76";"Robert Covington";"PHI";67;28,4;4,1;10,6;0,385;2,5;7,2;0,353;2,1;2,6;0,791;1;5,3;6,3;1,4;1,57;0,6;2,13;12,8;13,4
"77";"201167";"77";"Arron Afflalo";"NYK";71;33,4;5;11,3;0,443;1,3;3,4;0,382;1,5;1,8;0,84;0,3;3,4;3,7;2;0,35;0,14;1,15;12,8;11,4
"78";"202685";"78";"Jonas Valanciunas";"TOR";60;26;5,1;8,9;0,565;0;0;0;2,7;3,6;0,761;3,1;6,1;9,1;0,7;0,42;1,33;1,42;12,8;18,2
"79";"201599";"79";"DeAndre Jordan";"LAC";77;33,7;4,6;6,6;0,703;0;0;0;3,5;8;0,43;3,5;10,3;13,8;1,2;0,66;2,3;1,39;12,7;22,7
"80";"202683";"80";"Enes Kanter";"OKC";82;21;5;8,8;0,576;0,1;0,3;0,476;2,4;3,1;0,797;3;5,1;8,1;0,4;0,32;0,4;1,4;12,7;16,1
"81";"2772";"81";"Trevor Ariza";"HOU";81;35,3;4,4;10,6;0,416;2,3;6,2;0,371;1,6;2;0,783;0,8;3,7;4,5;2,3;1,98;0,32;1,4;12,7;13,8
"82";"202397";"82";"Ish Smith";"PHI";77;29,1;5,2;12,6;0,411;0,7;2,2;0,329;1,6;2,3;0,693;0,6;3,4;4;6,5;1,14;0,31;2,27;12,6;14,2
"83";"201586";"83";"Serge Ibaka";"OKC";78;32,1;5,3;11,1;0,479;0,8;2,4;0,326;1,2;1,6;0,752;1,8;5;6,8;0,8;0,49;1,9;1,38;12,6;15,1
"84";"202083";"84";"Wesley Matthews";"DAL";78;33,9;4,2;10,9;0,388;2,4;6,7;0,36;1,6;1,9;0,863;0,3;2,7;3,1;1,9;1;0,22;1;12,5;10,8
"85";"202702";"85";"Kenneth Faried";"DEN";67;25,3;5,2;9,3;0,558;0;0;0,5;2;3,3;0,613;3,5;5,2;8,7;1,2;0,48;0,9;1,36;12,5;16,9
"86";"2747";"86";"JR Smith";"CLE";77;30,7;4,6;11;0,415;2,6;6,6;0,4;0,6;0,9;0,634;0,6;2,3;2,8;1,7;1,05;0,27;0,77;12,4;10,7
"87";"2736";"87";"Luol Deng";"MIA";74;32,4;4,6;10,1;0,455;1,2;3,5;0,344;2;2,6;0,755;1,5;4,5;6;1,9;1;0,39;1,09;12,3;14,4
"88";"203914";"88";"Gary Harris";"DEN";76;32,1;4,7;10,1;0,469;1,4;3,9;0,354;1,4;1,8;0,82;0,7;2,2;2,9;1,9;1,28;0,24;1,29;12,3;11,7
"89";"2207";"89";"Joe Johnson";"MIA";81;33,4;4,7;10,6;0,439;1,5;3,9;0,383;1,5;1,8;0,831;0,6;3;3,6;3,9;0,75;0,05;1,96;12,2;12,4
"90";"203141";"90";"Mirza Teletovic";"PHX";79;21,3;4,2;9,8;0,427;2,3;5,8;0,393;1,5;2;0,774;0,7;3,1;3,8;1,1;0,41;0,27;1,06;12,2;10,7
"91";"201588";"91";"George Hill";"IND";74;34,1;4,4;10;0,441;1,7;4,2;0,408;1,5;2;0,76;0,8;3,2;4;3,5;1,12;0,23;1,36;12,1;13,5
"92";"202693";"92";"Markieff Morris";"WAS";64;25,5;4,8;11,2;0,425;0,7;2,4;0,303;1,7;2,3;0,735;1,1;4,4;5,5;1,9;0,91;0,53;2,11;12;11,7
"93";"200765";"93";"Rajon Rondo";"SAC";72;35,2;4,9;10,9;0,454;0,9;2,4;0,365;1,2;2,1;0,58;1,1;5;6;11,7;1,96;0,14;3,86;11,9;21,1
"94";"2225";"94";"Tony Parker";"SAS";72;27,5;4,9;9,9;0,493;0,4;0,9;0,415;1,8;2,4;0,76;0,2;2,2;2,4;5,3;0,75;0,15;1,82;11,9;13,1
"95";"201956";"95";"Omri Casspi";"SAC";69;27,2;4,3;9;0,481;1,6;4;0,409;1,5;2,3;0,648;0,8;5,1;5,9;1,4;0,81;0,25;1,36;11,8;13,3
"96";"202703";"96";"Nikola Mirotic";"CHI";66;24,9;3,8;9,2;0,407;2;5,2;0,39;2,2;2,7;0,807;0,9;4,6;5,5;1,5;0,88;0,7;1,55;11,8;12,8
"97";"101139";"97";"CJ Miles";"IND";64;22,9;4;9,9;0,409;2,2;6;0,367;1,5;1,9;0,75;0,4;2,3;2,7;1;0,83;0,45;1,09;11,8;9,3
"98";"201145";"98";"Jeff Green";"LAC";80;28,2;4,4;10,3;0,43;0,8;2,7;0,315;2,1;2,8;0,745;0,9;3,2;4,2;1,7;0,73;0,5;1,16;11,7;11,1
"99";"203084";"99";"Harrison Barnes";"GSW";66;30,9;4,5;9,6;0,466;1,2;3,2;0,383;1,5;2;0,761;1,2;3,8;4,9;1,8;0,62;0,15;0,86;11,7;12,7
"100";"202391";"100";"Jeremy Lin";"CHA";78;26,3;3,8;9,3;0,412;1;2,9;0,336;3,1;3,7;0,815;0,5;2,7;3,2;3;0,74;0,54;1,92;11,7;11,2
"101";"101107";"101";"Marvin Williams";"CHA";81;28,9;4,2;9,2;0,452;1,9;4,7;0,402;1,5;1,8;0,833;1,6;4,9;6,4;1,4;0,72;0,95;0,77;11,7;15
"102";"203145";"102";"Kent Bazemore";"ATL";75;27,8;4,3;9,7;0,441;1,5;4,1;0,357;1,6;2;0,815;0,4;4,7;5,1;2,3;1,31;0,51;1,84;11,6;13,2
"103";"203490";"103";"Otto Porter";"WAS";75;30,3;4,5;9,6;0,473;1,3;3,6;0,367;1,3;1,7;0,754;1,3;3,9;5,2;1,6;1,4;0,43;0,93;11,6;13,9
"104";"203944";"104";"Julius Randle";"LAL";81;28,2;4,4;10,3;0,429;0,1;0,4;0,278;2,4;3,3;0,715;2,1;8,1;10,2;1,8;0,65;0,36;1,84;11,3;15,7
"105";"202711";"105";"Bojan Bogdanovic";"BKN";79;26,8;4,1;9,5;0,433;1,6;4,3;0,382;1,4;1,7;0,833;0,5;2,8;3,2;1,3;0,37;0,06;1,46;11,2;9
"106";"203457";"106";"Nerlens Noel";"PHI";67;29,3;4,6;8,8;0,521;0;0;0,5;2;3,4;0,59;2,3;5,8;8,1;1,8;1,76;1,49;2,36;11,1;16,4
"107";"203471";"107";"Dennis Schroder";"ATL";80;20,3;4,1;9,8;0,421;1;3;0,322;1,8;2,3;0,791;0,3;2,2;2,6;4,4;0,88;0,11;2,29;11;10,5
"108";"203477";"108";"Isaiah Canaan";"PHI";77;25,5;3,4;9,4;0,36;2,3;6,3;0,363;1,9;2,3;0,833;0,3;2;2,3;1,8;0,73;0,16;1,18;11;8,3
"109";"200826";"109";"J.J. Barea";"DAL";74;22,5;4,3;9,6;0,446;1,4;3,5;0,385;1;1,3;0,771;0,4;1,7;2,1;4,1;0,35;0,03;1,53;10,9;10,3
"110";"203901";"110";"Elfrid Payton";"ORL";73;29,4;4,4;10;0,436;0,4;1,3;0,326;1,5;2,6;0,589;1,1;2,5;3,6;6,4;1,22;0,27;2,42;10,7;13
"111";"203504";"111";"Trey Burke";"UTA";64;21,3;4,1;9,9;0,413;1,4;4;0,344;1;1,3;0,817;0,3;1,5;1,8;2,3;0,55;0,09;1,25;10,6;8
"112";"202323";"112";"Evan Turner";"BOS";81;28;4,2;9,3;0,456;0,2;1;0,241;1,8;2,2;0,827;0,6;4,3;4,9;4,4;0,99;0,35;2,09;10,5;13,7
"113";"203498";"113";"Shabazz Muhammad";"MIN";82;20,5;3,9;8,3;0,465;0,5;1,9;0,289;2,3;3;0,764;1,2;2;3,3;0,6;0,29;0,09;0,85;10,5;8,8
"114";"101141";"114";"Ersan Ilyasova";"ORL";74;25,4;3,8;8,9;0,424;1,3;3,5;0,371;1,5;2,1;0,721;1,9;3,5;5,4;0,9;0,7;0,45;0,96;10,4;11,2
"115";"1626167";"115";"Myles Turner";"IND";60;22,8;4,4;8,8;0,498;0,1;0,2;0,214;1,5;2;0,727;1,1;4,4;5,5;0,7;0,42;1,43;1,12;10,3;12,3
"116";"203096";"116";"Jared Sullinger";"BOS";81;23,6;4,3;10;0,435;0,4;1,3;0,282;1,3;2;0,64;2,4;5,9;8,3;2,3;0,93;0,58;1,26;10,3;14,8
"117";"201596";"117";"Mario Chalmers";"MIA";61;22,5;3;7,3;0,41;0,8;2,4;0,309;3,6;4,3;0,832;0,4;2,2;2,6;3,8;1,44;0,21;1,8;10,3;11,5
"118";"203459";"118";"Allen Crabbe";"POR";81;26;3,8;8,4;0,459;1,4;3,5;0,393;1,2;1,4;0,867;0,3;2,3;2,7;1,2;0,78;0,2;0,79;10,3;9,6
"119";"201577";"119";"Robin Lopez";"NYK";82;27,1;4,4;8,1;0,539;0;0;0;1,6;2;0,795;3,3;4,1;7,3;1,4;0,2;1,57;1,62;10,3;15
"120";"201158";"120";"Marco Belinelli";"SAC";68;24,6;3,6;9,3;0,386;1,3;4,4;0,306;1,7;2;0,833;0,1;1,6;1,7;1,9;0,54;0,03;1,18;10,2;7,1
"121";"202329";"121";"Al-Farouq Aminu";"POR";82;28,5;3,6;8,8;0,416;1,5;4,3;0,361;1,4;1,9;0,737;1,2;4,9;6,1;1,7;0,88;0,65;1,46;10,2;12,4
"122";"203476";"122";"Gorgui Dieng";"MIN";82;27,1;3,8;7,1;0,532;0,1;0,2;0,3;2,5;3;0,827;1,9;5,2;7,1;1,7;1,15;1,17;1,71;10,1;15,7
"123";"201937";"123";"Ricky Rubio";"MIN";76;30,6;2,9;7,7;0,374;0,8;2,5;0,326;3,5;4,1;0,847;0,5;3,8;4,3;8,7;2,13;0,13;2,54;10,1;17,3
"124";"2440";"124";"Matt Barnes";"MEM";76;28,8;3,5;9,1;0,381;1,6;4,9;0,322;1,5;1,8;0,804;1,1;4,4;5,5;2,1;1,03;0,75;1,59;10;11,8
"125";"203482";"125";"Kelly Olynyk";"BOS";69;20,2;3,7;8,1;0,455;1,2;3;0,405;1,4;1,9;0,75;1;3;4,1;1,5;0,75;0,48;1,07;10;10,9
"126";"203999";"126";"Nikola Jokic";"DEN";80;21,7;3,8;7,5;0,512;0,4;1,1;0,333;1,9;2,4;0,811;2,3;4,7;7;2,4;0,99;0,63;1,3;10;15,5
"127";"201196";"127";"Ramon Sessions";"WAS";82;20,3;3,4;7,2;0,473;0,4;1,4;0,324;2,6;3,5;0,756;0,3;2,2;2,5;2,9;0,56;0,06;1,4;9,9;9,8
"128";"203082";"128";"Terrence Ross";"TOR";73;23,9;3,7;8,6;0,431;1,8;4,6;0,386;0,7;0,8;0,79;0,3;2,2;2,5;0,8;0,74;0,34;0,63;9,9;8,6
"129";"201976";"129";"Patrick Beverley";"HOU";71;28,7;3,6;8,4;0,434;1,7;4,4;0,4;0,8;1,2;0,682;1;2,5;3,5;3,4;1,32;0,37;1,28;9,9;12
"130";"203138";"130";"Hollis Thompson";"PHI";77;28;3,5;8,8;0,397;1,9;5,1;0,38;0,9;1,2;0,719;0,7;2,8;3,5;1,3;0,47;0,31;0,99;9,8;8,8
"131";"203079";"131";"Dion Waiters";"OKC";78;27,6;3,6;9,1;0,399;1,1;3,1;0,358;1,4;2;0,713;0,5;2,1;2,6;2;1,04;0,19;1,54;9,8;8
"132";"203924";"132";"Jerami Grant";"PHI";77;26,8;3,3;7,8;0,419;0,5;1,9;0,24;2,8;4,2;0,658;1,3;3,4;4,7;1,8;0,7;1,65;1,43;9,7;11,1
"133";"201977";"133";"Marcus Thornton";"WAS";61;18,2;3,5;8,9;0,399;1,5;4,4;0,337;1,1;1,3;0,848;0,6;1,8;2,5;1,4;0,77;0,07;0,84;9,7;8
"134";"201584";"134";"Courtney Lee";"CHA";79;29,5;3,7;8,1;0,454;1;2,7;0,378;1,3;1,5;0,839;0,4;2,2;2,6;1,7;1,08;0,35;0,91;9,6;9,8
"135";"1938";"135";"Manu Ginobili";"SAS";58;19,6;3,4;7,5;0,453;1,2;3,1;0,391;1,6;1,9;0,813;0,4;2,1;2,5;3,1;1,14;0,19;1,71;9,6;10,3
"136";"101109";"136";"Raymond Felton";"DAL";80;27,4;3,5;8,5;0,406;0,8;2,7;0,282;1,9;2,2;0,847;0,5;2,8;3,2;3,6;0,85;0,19;1,51;9,5;10,4
"137";"203926";"137";"Doug McDermott";"CHI";81;23;3,6;8;0,452;1,4;3,2;0,425;0,9;1;0,857;0,5;2;2,4;0,7;0,17;0,07;0,65;9,4;7,7
"138";"202682";"138";"Derrick Williams";"NYK";80;17,9;3,2;7,1;0,45;0,6;1,9;0,293;2,4;3,2;0,758;0,6;3,1;3,7;0,9;0,36;0,11;0,76;9,3;9
"139";"101133";"139";"Ian Mahinmi";"IND";71;25,6;3,7;6,3;0,589;0;0;0;1,9;3,2;0,587;1,9;5,2;7,1;1,5;0,92;1,06;1,41;9,3;14,6
"140";"2594";"140";"Kyle Korver";"ATL";80;30;3,4;7,7;0,434;2;5;0,398;0,6;0,7;0,833;0,2;3,1;3,3;2,1;0,75;0,44;1,23;9,2;10
"141";"203932";"141";"Aaron Gordon";"ORL";78;23,9;3,5;7,4;0,473;0,5;1,8;0,296;1,7;2,5;0,668;2;4,5;6,5;1,6;0,76;0,71;0,85;9,2;13,2
"142";"203935";"142";"Marcus Smart";"BOS";61;27,3;3;8,7;0,348;1;4;0,253;2,1;2,7;0,777;1,2;2,9;4,2;3;1,49;0,3;1,31;9,1;10,6
"143";"203486";"143";"Mason Plumlee";"POR";82;25,4;3,3;6,3;0,516;0;0;0;2,6;4,1;0,642;2,5;5,2;7,7;2,8;0,83;1,04;1,88;9,1;15
"144";"203497";"144";"Rudy Gobert";"UTA";61;31,7;3,2;5,8;0,559;0;0;0;2,6;4,6;0,569;3,4;7,5;11;1,5;0,74;2,21;1,87;9,1;18,1
"145";"203458";"145";"Alex Len";"PHX";78;23,3;3,4;8;0,423;0;0,1;0,143;2,2;3,1;0,728;2,3;5,3;7,6;1,2;0,49;0,79;1,86;9;11,8
"146";"101123";"146";"Gerald Green";"MIA";69;22,6;3,3;8,5;0,392;1,2;3,8;0,323;1;1,3;0,783;0,4;2;2,4;0,8;0,55;0,28;0,67;8,9;6,8
"147";"201155";"147";"Rodney Stuckey";"IND";58;22;3,2;7,6;0,413;0,3;1,4;0,241;2,3;2,7;0,829;0,3;2,4;2,7;2,4;0,74;0,14;1,31;8,9;8,7
"148";"203085";"148";"Austin Rivers";"LAC";67;21,9;3,4;7,7;0,438;0,9;2,8;0,335;1,2;1,7;0,681;0,3;1,6;1,9;1,5;0,72;0,13;0,91;8,9;7,3
"149";"201941";"149";"Jordan Hill";"IND";73;20,7;3,8;7,5;0,506;0;0;0;1,2;1,7;0,712;2,1;4;6,2;1,2;0,49;0,51;1,26;8,8;11,7
"150";"203087";"150";"Jeremy Lamb";"CHA";66;18,6;3,5;7,7;0,451;0,8;2,7;0,309;1;1,3;0,727;0,7;3,2;3,8;1,2;0,64;0,45;0,76;8,8;9,5
"151";"203469";"151";"Cody Zeller";"CHA";73;24,3;3,2;6;0,529;0;0,1;0,1;2,4;3,2;0,754;1,9;4,3;6,2;1;0,78;0,86;0,93;8,7;13,1
"152";"2449";"152";"Luis Scola";"TOR";76;21,5;3,5;7,9;0,45;0,9;2,1;0,404;0,8;1,1;0,726;1,1;3,6;4,7;0,9;0,61;0,36;0,89;8,7;9,8
"153";"201962";"153";"Toney Douglas";"NOP";61;20,7;3;7,3;0,411;1,3;3,3;0,399;1,4;1,6;0,848;0,4;1,9;2,3;2,6;1,15;0,08;1,05;8,7;9,3
"154";"201945";"154";"Gerald Henderson";"POR";72;19,9;3,2;7,3;0,439;0,7;1,9;0,353;1,6;2;0,767;0,4;2,5;2,9;1;0,54;0,26;0,94;8,7;7,9
"155";"201959";"155";"Taj Gibson";"CHI";73;26,5;3,6;6,8;0,526;0;0;0;1,4;2;0,692;2,8;4,1;6,9;1,5;0,64;1,05;1,07;8,6;13,7
"156";"1495";"156";"Tim Duncan";"SAS";61;25,2;3,5;7,2;0,488;0;0;0;1,5;2,1;0,702;1,9;5,4;7,3;2,7;0,77;1,28;1,48;8,6;14,8
"157";"2585";"157";"Zaza Pachulia";"DAL";76;26,4;2,9;6,2;0,466;0;0;0;2,8;3,6;0,768;3,3;6,2;9,4;1,7;0,84;0,29;1,57;8,6;15,1
"158";"201988";"158";"Patty Mills";"SAS";81;20,5;3,2;7,6;0,425;1,5;4;0,384;0,6;0,7;0,81;0,3;1,6;2;2,8;0,73;0,07;0,94;8,5;8,6
"159";"202720";"159";"Jon Leuer";"PHX";67;18,7;3,3;7;0,481;0,6;1,6;0,382;1,1;1,5;0,762;1,1;4,4;5,6;1,1;0,57;0,45;1,12;8,5;11
"160";"202709";"160";"Cory Joseph";"TOR";80;25,6;3,2;7,3;0,439;0,4;1,4;0,273;1,7;2,2;0,764;0,5;2,1;2,6;3,1;0,79;0,25;1,27;8,5;9,4
"161";"203917";"161";"Nik Stauskas";"PHI";73;24,8;2,9;7,5;0,385;1,5;4,5;0,326;1,2;1,6;0,771;0,3;2,2;2,5;1,9;0,6;0,27;1,29;8,5;7,5
"162";"203086";"162";"Meyers Leonard";"POR";61;21,9;3,2;7,1;0,448;1,4;3,7;0,377;0,6;0,8;0,761;0,8;4,3;5,1;1,5;0,13;0,3;1,26;8,4;10,1
"163";"2754";"163";"Tony Allen";"MEM";64;25,3;3,4;7,3;0,458;0,2;0,7;0,357;1,4;2,2;0,652;1,6;3;4,6;1,1;1,72;0,28;1,22;8,4;10,1
"164";"202362";"164";"Lance Stephenson";"MEM";69;19,9;3,3;6,9;0,481;0,4;1,1;0,385;1,3;1,6;0,784;0,6;2,7;3,2;1,9;0,62;0,13;1,36;8,3;8,9
"165";"202498";"165";"Lance Thomas";"NYK";59;22,3;2,9;6,5;0,442;0,7;1,8;0,404;1,7;2;0,857;0,6;1,6;2,2;0,9;0,37;0,12;0,97;8,2;6,9
"166";"1626169";"166";"Stanley Johnson";"DET";73;23,1;3,1;8,2;0,375;0,9;2,8;0,307;1,1;1,4;0,784;0,8;3,4;4,2;1,6;0,75;0,16;1,56;8,1;7,8
"167";"200782";"167";"PJ Tucker";"PHX";82;31;2,9;7,1;0,411;0,8;2,5;0,33;1,3;1,7;0,746;2;4,2;6,2;2,2;1,29;0,24;1,35;8;11,9
"168";"203500";"168";"Steven Adams";"OKC";80;25,2;3,3;5,3;0,613;0;0;0;1,4;2,5;0,582;2,7;3,9;6,7;0,8;0,53;1,11;1,05;8;12,9
"169";"203530";"169";"Joffrey Lauvergne";"DEN";59;17,6;3,3;6,4;0,513;0,2;0,9;0,245;1,1;1,2;0,899;1,3;3,6;4,9;0,9;0,22;0,25;0,92;7,9;10,1
"170";"201162";"170";"Jared Dudley";"WAS";81;25,9;2,9;6;0,478;1,2;2,9;0,42;0,9;1,2;0,735;0,7;2,9;3,5;2,1;0,93;0,22;0,99;7,9;10,2
"171";"202684";"171";"Tristan Thompson";"CLE";82;27,7;3;5,1;0,588;0;0;0;1,8;3;0,616;3,3;5,7;9;0,8;0,46;0,62;0,74;7,8;14,7
"172";"203463";"172";"Ben McLemore";"SAC";68;21,2;2,9;6,7;0,429;1;2,7;0,362;1,1;1,5;0,718;0,5;1,7;2,2;1,2;0,76;0,15;1,46;7,8;6,4
"173";"201961";"173";"Wayne Ellington";"BKN";76;21,3;2,9;7,4;0,389;1,3;3,5;0,358;0,7;0,8;0,857;0,3;2;2,3;1,1;0,63;0,07;0,59;7,7;6,6
"174";"204038";"174";"Langston Galloway";"NYK";82;24,8;2,8;7,2;0,393;0,9;2,7;0,344;1;1,4;0,754;0,5;3;3,5;2,5;0,94;0,27;0,74;7,6;9,4
"175";"2734";"175";"Devin Harris";"DAL";64;20;2,6;5,8;0,447;0,8;2,5;0,329;1,6;2,2;0,721;0,3;1,9;2,2;1,8;0,94;0,2;1,03;7,6;7,9
"176";"101181";"176";"Jose Calderon";"NYK";72;28,1;2,9;6,3;0,459;1,2;2,8;0,414;0,6;0,7;0,875;0,3;2,9;3,2;4,1;0,88;0,1;1,21;7,6;11,1
"177";"201571";"177";"D.J. Augustin";"DEN";62;19;2,4;5,6;0,423;1,1;2,7;0,405;1,7;2,1;0,805;0,1;1,4;1,5;3,2;0,61;0,06;1,35;7,5;7,9
"178";"201589";"178";"Darrell Arthur";"DEN";70;21,7;3,2;7;0,452;0,6;1,7;0,385;0,6;0,8;0,755;1,2;3;4,2;1,4;0,76;0,69;0,94;7,5;9,6
"179";"202734";"179";"E'Twaun Moore";"CHI";59;21,4;3,2;6,6;0,481;0,8;1,8;0,452;0,4;0,6;0,629;0,3;1,9;2,3;1,7;0,63;0,31;0,9;7,5;7,8
"180";"203521";"180";"Matthew Dellavedova";"CLE";76;24,6;2,7;6,7;0,405;1,3;3,1;0,41;0,8;0,9;0,864;0,4;1,7;2,1;4,4;0,58;0,12;1,53;7,5;9,1
"181";"1626163";"181";"Frank Kaminsky";"CHA";81;21,1;2,7;6,5;0,41;0,8;2,5;0,337;1,3;1,8;0,73;0,9;3,3;4,1;1,2;0,47;0,53;0,72;7,5;8,8
"182";"203210";"182";"JaMychal Green";"MEM";78;18,5;2,9;6,3;0,465;0,2;0,6;0,333;1,3;1,8;0,752;1,8;3;4,8;0,9;0,59;0,42;1,06;7,4;9,2
"183";"101161";"183";"Amir Johnson";"BOS";79;22,8;3,2;5,4;0,585;0,1;0,5;0,233;0,9;1,5;0,57;2,3;4,1;6,4;1,7;0,66;1,05;1,19;7,3;13,1
"184";"202066";"184";"Garrett Temple";"WAS";80;24,4;2,5;6,3;0,398;1,1;3,2;0,345;1,1;1,6;0,728;0,5;2,2;2,7;1,8;0,86;0,23;0,8;7,3;7,7
"185";"203499";"185";"Shane Larkin";"BKN";78;22,4;2,8;6,4;0,442;0,5;1,4;0,361;1,1;1,4;0,776;0,4;1,9;2,3;4,4;1,22;0,15;1,87;7,3;9,6
"186";"201980";"186";"Danny Green";"SAS";79;26,1;2,7;7,1;0,376;1,5;4,4;0,332;0,4;0,6;0,739;0,6;3,2;3,8;1,8;1;0,81;0,95;7,2;9,1
"187";"201147";"187";"Corey Brewer";"HOU";82;20,4;2,6;6,7;0,384;0,7;2,7;0,272;1,3;1,7;0,75;0,5;1,9;2,4;1,3;1,02;0,23;0,95;7,2;6,7
"188";"201160";"188";"Jason Smith";"ORL";76;15,5;3,2;6,6;0,485;0,1;0,2;0,25;0,7;0,9;0,806;0,7;2,2;2,9;0,8;0,43;0,86;0,75;7,2;7,8
"189";"101138";"189";"Brandon Bass";"LAL";66;20,3;2,6;4,8;0,549;0;0;0;1,9;2,2;0,845;1,6;2,7;4,3;1,1;0,5;0,83;0,64;7,2;10,8
"190";"2199";"190";"Tyson Chandler";"PHX";66;24,5;2,8;4,8;0,583;0;0;0;1,6;2,6;0,62;2,7;6,1;8,7;1;0,55;0,67;1,41;7,2;13,7
"191";"201166";"191";"Aaron Brooks";"CHI";69;16,1;2,7;6,8;0,401;1;2,7;0,357;0,7;0,9;0,766;0,3;1,2;1,5;2,6;0,43;0,14;1,19;7,1;6,3
"192";"201578";"192";"Marreese Speights";"GSW";72;11,6;2,7;6,3;0,432;0,3;0,9;0,387;1,3;1,6;0,825;1,1;2,3;3,3;0,8;0,26;0,47;0,92;7,1;7,2
"193";"2561";"193";"David West";"SAS";78;18;3,1;5,7;0,545;0;0,1;0,429;0,8;1;0,788;0,9;3;4;1,8;0,56;0,71;0,87;7,1;10,5
"194";"203991";"194";"Clint Capela";"HOU";77;19,1;3;5,2;0,582;0;0;0;1;2,7;0,379;2,5;3,9;6,4;0,6;0,77;1,19;0,78;7;11,4
"195";"1626171";"195";"Bobby Portis";"CHI";62;17,8;3;7;0,427;0,3;0,8;0,308;0,8;1,1;0,727;2;3,5;5,4;0,8;0,4;0,35;0,87;7;8,9
"196";"2738";"196";"Andre Iguodala";"GSW";65;26,6;2,7;5,7;0,478;0,8;2,4;0,351;0,8;1,3;0,614;0,8;3,2;4;3,4;1,12;0,29;1,22;7;11,2
"197";"1626161";"197";"Willie Cauley-Stein";"SAC";66;21,4;2,9;5,1;0,563;0;0;0;1,2;1,9;0,648;2;3,3;5,3;0,6;0,71;1;0,7;7;11
"198";"202388";"198";"Donald Sloan";"BKN";61;21,6;2,5;5,7;0,44;0,6;1,6;0,384;1,3;1,7;0,75;0,3;2,6;2,8;4,4;0,52;0,07;1,31;7;9,8
"199";"202335";"199";"Patrick Patterson";"TOR";79;25,6;2,6;6,2;0,414;1,3;3,7;0,362;0,4;0,4;0,853;1;3,4;4,3;1,2;0,67;0,41;0,82;6,9;8,9
"200";"202325";"200";"Wesley Johnson";"LAC";80;20,8;2,6;6,4;0,404;1,3;3,9;0,333;0,4;0,6;0,652;0,5;2,6;3,1;0,6;1,11;0,7;0,68;6,9;7,7
"201";"201585";"201";"Kosta Koufos";"SAC";78;19;3;5,7;0,532;0;0;0;0,7;1,3;0,548;2,2;3,3;5,4;0,4;0,51;0,9;0,62;6,8;10,2
"202";"1713";"202";"Vince Carter";"MEM";60;16,8;2,2;5,7;0,388;1;2,8;0,349;1,2;1,4;0,833;0,5;1,9;2,4;0,9;0,63;0,27;0,58;6,6;6,5
"203";"202334";"203";"Ed Davis";"POR";81;20,8;2,5;4,2;0,611;0;0;0;1,4;2,5;0,559;2,8;4,6;7,4;1,1;0,7;0,89;0,79;6,5;13
"204";"1626159";"204";"Justise Winslow";"MIA";78;28,6;2,5;5,9;0,422;0,4;1,5;0,276;1;1,5;0,684;1;4,1;5,2;1,5;0,87;0,33;1,22;6,4;9,2
"205";"200757";"205";"Thabo Sefolosha";"ATL";75;23,4;2,5;4,9;0,507;0,6;1,6;0,341;0,8;1,3;0,626;0,7;3,8;4,5;1,4;1,13;0,49;0,91;6,4;10,1
"206";"203090";"206";"Maurice Harkless";"POR";78;18,7;2,5;5,3;0,474;0,5;1,8;0,279;0,9;1,4;0,622;1,3;2,3;3,6;0,9;0,63;0,45;0,79;6,4;7,8
"207";"2564";"207";"Boris Diaw";"SAS";76;18,2;2,7;5;0,527;0,3;0,9;0,362;0,7;1;0,737;0,8;2,3;3,1;2,3;0,34;0,28;1,28;6,4;8,5
"208";"2571";"208";"Leandro Barbosa";"GSW";68;15,9;2,5;5,4;0,462;0,6;1,6;0,355;0,8;0,9;0,839;0,4;1,3;1,7;1,2;0,65;0,15;0,78;6,4;6,2
"209";"203382";"209";"Aron Baynes";"DET";81;15,2;2,4;4,7;0,505;0;0;0;1,6;2;0,764;1,7;3;4,7;0,6;0,26;0,64;0,83;6,3;9
"210";"2733";"210";"Shaun Livingston";"GSW";78;19,5;2,6;4,9;0,536;0;0,2;0,167;1;1,2;0,86;0,5;1,6;2,2;3;0,73;0,35;1;6,3;9,1
"211";"202389";"211";"Timofey Mozgov";"CLE";76;17,4;2,7;4,7;0,565;0;0,1;0,143;0,9;1,3;0,716;1,4;3;4,4;0,4;0,29;0,75;0,93;6,3;8,8
"212";"203798";"212";"PJ Hairston";"MEM";66;19,9;2,2;6,2;0,355;1,1;3,7;0,29;0,8;1;0,781;0,4;2,3;2,6;0,6;0,48;0,17;0,62;6,2;5,3
"213";"203118";"213";"Mike Scott";"ATL";75;15,3;2,3;5;0,468;0,8;2,1;0,392;0,7;0,8;0,794;0,7;2;2,7;1;0,33;0,23;0,56;6,2;7,1
"214";"1718";"214";"Paul Pierce";"LAC";68;18,1;2,1;5,8;0,363;1,1;3,6;0,31;0,8;1;0,818;0,2;2,6;2,7;1;0,49;0,25;0,85;6,1;5,9
"215";"1626168";"215";"Trey Lyles";"UTA";80;17,3;2,4;5,5;0,438;0,6;1,6;0,383;0,7;1;0,695;0,7;3;3,7;0,7;0,33;0,23;0,81;6,1;6,9
"216";"204456";"216";"TJ McConnell";"PHI";81;19,8;2,7;5,7;0,47;0,4;1,1;0,348;0,3;0,5;0,634;0,5;2,6;3,1;4,5;1,17;0,12;1,73;6,1;10
"217";"101112";"217";"Channing Frye";"CLE";70;17,1;2,2;5;0,438;1,3;3,4;0,387;0,4;0,5;0,857;0,5;2,8;3,3;1;0,41;0,4;0,61;6,1;7,8
"218";"203092";"218";"Tyler Zeller";"BOS";60;11,8;2,3;4,8;0,476;0;0;0;1,5;1,8;0,815;1;1,9;3;0,5;0,17;0,37;0,77;6,1;6,4
"219";"1626209";"219";"Mario Hezonja";"ORL";79;17,9;2,3;5,3;0,433;0,8;2,4;0,349;0,6;0,7;0,907;0,4;1,9;2,2;1,4;0,49;0,22;1,23;6,1;6,1
"220";"201967";"220";"Dante Cunningham";"NOP";80;24,6;2,3;5,2;0,451;0,7;2,2;0,316;0,7;1;0,695;0,7;2,2;3;1;0,53;0,41;0,51;6,1;7,3
"221";"201582";"221";"Alexis Ajinca";"NOP";59;14,6;2,5;5,3;0,476;0;0;0;0,9;1,1;0,839;1,3;3,3;4,6;0,5;0,32;0,61;0,92;6;8,1
"222";"201579";"222";"Roy Hibbert";"LAL";81;23,2;2,2;5,1;0,443;0;0;0;1,4;1,8;0,807;1,6;3,3;4,9;1,2;0,4;1,36;0,94;5,9;9,7
"223";"203526";"223";"Raul Neto";"UTA";81;18,5;2,2;5,2;0,431;0,8;2;0,395;0,6;0,9;0,743;0,2;1,3;1,5;2,1;0,77;0,02;1,35;5,9;5,8
"224";"1891";"224";"Jason Terry";"HOU";72;17,5;2,1;5,2;0,402;1,3;3,6;0,356;0,4;0,5;0,818;0,2;0,9;1,1;1,4;0,65;0,13;0,68;5,9;5,3
"225";"202344";"225";"Trevor Booker";"UTA";79;20,7;2,4;4,9;0,49;0,2;0,5;0,293;0,9;1,3;0,67;2,1;3,6;5,7;1,1;0,75;0,52;1,03;5,9;9,9
"226";"203900";"226";"Markel Brown";"BKN";62;15,8;2;5,2;0,394;0,6;2;0,314;1,1;1,5;0,755;0,4;1,6;2;1,5;0,61;0,24;0,87;5,9;5,8
"227";"200751";"227";"Randy Foye";"OKC";81;20,3;2,1;6;0,351;0,9;3,1;0,3;0,8;0,9;0,824;0,3;1,6;1,9;2;0,48;0,36;1,06;5,9;5,5
"228";"203939";"228";"Dwight Powell";"DAL";69;14,4;2,1;4,3;0,493;0;0,2;0,125;1,5;2,1;0,739;1,2;2,7;4;0,6;0,52;0,35;0,58;5,8;8
"229";"201951";"229";"Ty Lawson";"IND";66;21,4;2,1;5,4;0,393;0,5;1,6;0,333;0,9;1,3;0,686;0,4;1,4;1,8;3,6;0,8;0,11;1,44;5,7;6,9
"230";"1626170";"230";"Jerian Grant";"NYK";76;16,6;2;5,1;0,394;0,3;1,3;0,22;1,3;1,6;0,78;0,3;1,6;1,9;2,3;0,66;0,13;1,14;5,6;6
"231";"201627";"231";"Anthony Morrow";"OKC";68;13,6;2;4,9;0,408;1,2;3;0,387;0,4;0,6;0,744;0,1;0,8;0,9;0,4;0,32;0,07;0,25;5,6;4
"232";"2210";"232";"Richard Jefferson";"CLE";74;17,9;1,9;4,2;0,458;0,9;2,3;0,382;0,8;1,2;0,667;0,2;1,5;1,7;0,8;0,45;0,19;0,58;5,5;5,4
"233";"1626204";"233";"Larry Nance Jr.";"LAL";63;20,1;2,5;4,8;0,527;0;0,2;0,1;0,5;0,7;0,681;1,6;3,3;5;0,7;0,86;0,37;0,65;5,5;9,3
"234";"202687";"234";"Bismack Biyombo";"TOR";82;22;1,9;3,5;0,542;0;0;0;1,7;2,8;0,628;2,2;5,8;8;0,4;0,23;1,62;0,87;5,5;12,2
"235";"202332";"235";"Cole Aldrich";"LAC";60;13,3;2,2;3,8;0,596;0;0;0;1;1,4;0,714;1,4;3,4;4,8;0,8;0,78;1,13;1,07;5,5;10
"236";"202730";"236";"Lavoy Allen";"IND";79;20,2;2,4;4,7;0,516;0;0;0;0,6;0,9;0,63;2,1;3,3;5,4;1;0,33;0,53;0,87;5,4;9,1
"237";"101106";"237";"Andrew Bogut";"GSW";70;20,7;2,5;4;0,627;0;0;1;0,3;0,7;0,48;1,7;5,3;7;2,3;0,47;1,63;1,19;5,4;13,8
"238";"101179";"238";"Ronnie Price";"PHX";62;19,5;1,9;4,9;0,384;1,1;3,2;0,347;0,5;0,7;0,756;0,4;1,2;1,6;2,4;1,19;0,21;1,13;5,3;6,4
"239";"201229";"239";"Anthony Tolliver";"DET";72;18,6;1,8;4,6;0,386;1,4;3,8;0,36;0,4;0,7;0,617;0,5;2,6;3,2;0,7;0,36;0,22;0,39;5,3;6,3
"240";"203503";"240";"Tony Snell";"CHI";64;20,3;2;5,3;0,372;0,9;2,4;0,361;0,5;0,5;0,909;0,3;2,8;3,1;1;0,25;0,27;0,81;5,3;5,7
"241";"203112";"241";"Quincy Acy";"SAC";59;14,8;2;3,6;0,556;0,3;0,8;0,388;0,8;1,2;0,735;1,1;2,1;3,2;0,5;0,49;0,41;0,46;5,2;7,4
"242";"203101";"242";"Miles Plumlee";"MIL";61;14,3;2,3;3,8;0,601;0;0;0;0,6;1;0,576;1,5;2,3;3,8;0,3;0,34;0,82;0,66;5,1;7,8
"243";"101111";"243";"Charlie Villanueva";"DAL";62;10,7;2;5,3;0,382;0,8;2,8;0,273;0,4;0,4;0,917;0,4;2,1;2,5;0,4;0,29;0,24;0,5;5,1;4,7
"244";"202357";"244";"Nemanja Bjelica";"MIN";60;17,9;1,8;3,9;0,468;0,8;2,1;0,384;0,7;0,9;0,727;0,8;2,7;3,5;1,4;0,43;0,35;0,78;5,1;7,7
"245";"203960";"245";"JaKarr Sampson";"DEN";73;15,9;1,9;4,3;0,442;0,2;0,9;0,222;1,1;1,7;0,656;0,6;2;2,6;0,6;0,32;0,45;0,96;5,1;5,2
"246";"2756";"246";"Sasha Vujacic";"NYK";61;14,9;1,7;4,5;0,383;0,9;2,3;0,364;0,5;0,6;0,821;0,4;2;2,4;1,4;0,56;0,08;0,72;4,9;5,7
"247";"203460";"247";"Andre Roberson";"OKC";70;22,2;1,9;3,9;0,496;0,5;1,5;0,311;0,5;0,8;0,611;1,1;2,5;3,6;0,7;0,76;0,6;0,5;4,8;7,7
"248";"203124";"248";"Kyle O'Quinn";"NYK";65;11,8;2;4,2;0,476;0,1;0,3;0,227;0,7;0,9;0,767;1,2;2,7;3,8;1,1;0,31;0,75;0,94;4,8;7,4
"249";"203937";"249";"Kyle Anderson";"SAS";78;16;1,8;3,8;0,468;0,2;0,5;0,324;0,8;1,1;0,747;0,3;2,8;3,1;1,6;0,77;0,37;0,76;4,5;7,3
"250";"202087";"250";"Alonzo Gee";"NOP";73;22,4;1,8;3,5;0,518;0,2;0,8;0,283;0,6;0,9;0,667;0,8;2,5;3,4;1;0,86;0,18;0,75;4,5;7,1
"251";"203473";"251";"Dewayne Dedmon";"ORL";58;12,2;1,7;3,1;0,559;0;0;0;1;1,3;0,75;1,2;2,8;3,9;0,2;0,38;0,79;0,55;4,4;7,5
"252";"2581";"252";"Steve Blake";"DET";58;17;1,6;4,1;0,388;0,9;2,6;0,344;0,3;0,3;0,8;0,2;1,4;1,5;3,4;0,41;0,09;1,4;4,4;5,9
"253";"201973";"253";"Jonas Jerebko";"BOS";78;15,1;1,5;3,7;0,413;0,6;1,4;0,398;0,8;1;0,782;1;2,7;3,7;0,8;0,26;0,31;0,67;4,4;6,4
"254";"203080";"254";"Thomas Robinson";"BKN";71;12,9;1,8;4,1;0,447;0;0;0;0,7;1,5;0,431;1,9;3,1;5,1;0,6;0,55;0,51;0,97;4,3;7
"255";"201575";"255";"Brandon Rush";"GSW";72;14,7;1,5;3,6;0,427;0,9;2,2;0,414;0,3;0,4;0,643;0,3;2,2;2,5;0,8;0,28;0,32;0,46;4,2;5,5
"256";"204060";"256";"Joe Ingles";"UTA";81;15,3;1,5;3,6;0,426;1;2,6;0,386;0,2;0,2;0,722;0,2;1,6;1,9;1,2;0,68;0,05;0,8;4,2;5,1
"257";"203524";"257";"Solomon Hill";"IND";59;14,7;1,6;3,5;0,447;0,4;1,3;0,324;0,6;0,7;0,857;0,7;2,2;2,8;1;0,63;0,19;0,56;4,2;6,2
"258";"201978";"258";"Chase Budinger";"PHX";66;14,1;1,6;3,6;0,435;0,4;1,3;0,279;0,6;0,8;0,696;0,7;1,6;2,3;1;0,48;0,15;0,67;4,1;5
"259";"201600";"259";"Omer Asik";"NOP";68;17,3;1,5;2,9;0,533;0;0;0;0,9;1,6;0,545;1,8;4,3;6,1;0,4;0,31;0,34;0,88;4;8,1
"260";"1626162";"260";"Kelly Oubre Jr.";"WAS";63;10,7;1,4;3,3;0,427;0,4;1,3;0,316;0,5;0,8;0,633;0,4;1,7;2,1;0,2;0,35;0,11;0,54;3,7;3,8
"261";"203943";"261";"Noah Vonleh";"POR";78;15,1;1,5;3,6;0,421;0,1;0,6;0,239;0,5;0,7;0,745;1,2;2,7;3,9;0,4;0,35;0,33;0,64;3,6;5,7
"262";"203546";"262";"Ian Clark";"GSW";66;8,8;1,3;3,1;0,441;0,5;1,3;0,357;0,4;0,5;0,824;0,2;0,8;1;1;0,26;0,2;0,65;3,6;3,6
"263";"202713";"263";"Kyle Singler";"OKC";68;14,4;1,3;3,3;0,389;0,4;1,4;0,309;0,4;0,6;0,659;0,7;1,3;2,1;0,4;0,44;0,13;0,47;3,4;3,7
"264";"203488";"264";"Mike Muscala";"ATL";60;9,4;1,3;2,5;0,5;0,2;0,7;0,308;0,5;0,7;0,795;0,6;1,3;2;0,6;0,22;0,45;0,45;3,3;4,6
"265";"1626173";"265";"Rashad Vaughn";"MIL";70;14,3;1,2;3,8;0,305;0,6;2,1;0,293;0,2;0,2;0,8;0,2;1,1;1,3;0,6;0,41;0,23;0,4;3,1;2,5
"266";"201601";"266";"Luc Mbah a Moute";"LAC";75;17;1,3;2,8;0,454;0,2;0,5;0,325;0,4;0,8;0,526;0,8;1,5;2,3;0,4;0,59;0,25;0,45;3,1;4,3
"267";"203948";"267";"Johnny O'Bryant III";"MIL";66;13;1,3;3,2;0,411;0;0;1;0,4;0,6;0,675;1;1,7;2,7;0,5;0,27;0,12;0,47;3;4
"268";"203187";"268";"Chris Johnson";"UTA";70;12,2;1;2,8;0,371;0,4;1,4;0,273;0,5;0,6;0,81;0,4;1,5;1,9;0,6;0,46;0,29;0,57;2,9;3,8
"269";"2419";"269";"Tayshaun Prince";"MIN";77;19;1,3;3;0,445;0,1;0,3;0,174;0,2;0,2;0,684;0,4;1,5;1,9;1;0,47;0,17;0,35;2,9;4,3
"270";"203143";"270";"Pablo Prigioni";"LAC";59;13,9;0,9;2,5;0,374;0,5;1,6;0,295;0,1;0,1;0,875;0,6;1,3;1,9;2,2;0,9;0,02;0,83;2,5;5,1
"271";"2555";"271";"Nick Collison";"OKC";59;11,8;0,8;1,8;0,459;0;0;0;0,4;0,6;0,697;1,2;1,7;2,9;0,9;0,25;0,27;0,85;2,1;4,4
